Preprocess,CNN,DenseNet161,EfficientNetB1,ResNet50,VGG16
baseline,64.42307692307692,42.467948717948715,70.99358974358974,65.22435897435898,38.782051282051285
